{"cameraMode":{"drawMode":0,"name":"Shaded","section":"Shading Mode"},"sceneLighting":false,"audioPlay":false,"sceneViewState":{"m_AlwaysRefresh":false,"showFog":true,"showSkybox":false,"showFlares":true,"showImageEffects":true,"showParticleSystems":true,"showVisualEffectGraphs":true,"m_FxEnabled":true},"in2DMode":false,"pivot":{"x":-0.6814002990722656,"y":-59.003662109375,"z":-31.179100036621095},"rotation":{"x":-0.0020603854209184648,"y":0.8711205720901489,"z":-0.49106070399284365,"w":-0.003657844616100192},"size":2.9660251140594484,"orthographic":false}